Title,Company,Reward,Link
Flutter 개발자,섬재,합격보상금 100만원,https://www.wanted.co.kr/wd/243740
소프트웨어 엔지니어-Flutter (5년 이상),파마브로스,합격보상금 100만원,https://www.wanted.co.kr/wd/243627
Flutter / 프론트엔드 엔지니어,페어치도어,합격보상금 100만원,https://www.wanted.co.kr/wd/243565
Flutter 앱 개발자 (3년 이상),에픽코퍼레이션,합격보상금 100만원,https://www.wanted.co.kr/wd/243987
Flutter developer,패러다임시프트,합격보상금 100만원,https://www.wanted.co.kr/wd/232941
Flutter App 개발자,제네시스네스트,합격보상금 100만원,https://www.wanted.co.kr/wd/232666
Flutter 앱 / Node.js 개발자,인졀미,합격보상금 100만원,https://www.wanted.co.kr/wd/210107
Mobile (Flutter) 개발자 (전문연구요원가능),큐픽스,합격보상금 100만원,https://www.wanted.co.kr/wd/207359
Flutter 개발자,섬재,합격보상금 100만원,https://www.wanted.co.kr/wd/243740
소프트웨어 엔지니어-Flutter (5년 이상),파마브로스,합격보상금 100만원,https://www.wanted.co.kr/wd/243627
Flutter / 프론트엔드 엔지니어,페어치도어,합격보상금 100만원,https://www.wanted.co.kr/wd/243565
Flutter 앱 개발자 (3년 이상),에픽코퍼레이션,합격보상금 100만원,https://www.wanted.co.kr/wd/243987
Flutter developer,패러다임시프트,합격보상금 100만원,https://www.wanted.co.kr/wd/232941
Flutter App 개발자,제네시스네스트,합격보상금 100만원,https://www.wanted.co.kr/wd/232666
Flutter 앱 / Node.js 개발자,인졀미,합격보상금 100만원,https://www.wanted.co.kr/wd/210107
Mobile (Flutter) 개발자 (전문연구요원가능),큐픽스,합격보상금 100만원,https://www.wanted.co.kr/wd/207359
신규 플랫폼 Flutter 개발자(3년 이상),포캐스크이엔엠,합격보상금 100만원,https://www.wanted.co.kr/wd/243231
시니어 모바일 앱 개발자 [flutter],휴가중,합격보상금 100만원,https://www.wanted.co.kr/wd/240022
Flutter 앱 개발자,멋쟁이사자처럼,합격보상금 100만원,https://www.wanted.co.kr/wd/241290
Flutter 개발자 (5년 이상),알서포트(Rsupport),합격보상금 100만원,https://www.wanted.co.kr/wd/240100
[계약직] Flutter / node.js 개발자,인졀미,합격보상금 100만원,https://www.wanted.co.kr/wd/238403
모바일 앱 소프트웨어 개발 (Flutter / iOS / Android),블록체인랩스,합격보상금 100만원,https://www.wanted.co.kr/wd/138923
Flutter/AOS 앱 개발자,에임(AIM),합격보상금 100만원,https://www.wanted.co.kr/wd/2448
Flutter 개발자,코보시스,합격보상금 100만원,https://www.wanted.co.kr/wd/99737
플러터 웹 개발자,에이치아아티,합격보상금 100만원,https://www.wanted.co.kr/wd/234089
Flutter 개발자 (병역특례_현역/보충역),넛지헬스케어(캐시워크),합격보상금 100만원,https://www.wanted.co.kr/wd/168259
렌탈 서비스 개발 프로젝트 Flutter 개발자 (고급),이그레브,합격보상금 100만원,https://www.wanted.co.kr/wd/226388
Flutter 모바일 개발,버터플라잉,합격보상금 100만원,https://www.wanted.co.kr/wd/215084
Flutter / JavaScript 프런트 개발자,브레인다이브,합격보상금 100만원,https://www.wanted.co.kr/wd/233222
모바일(Flutter) 및 웹 프론트엔드(NextJs) 개발자,심버스,합격보상금 100만원,https://www.wanted.co.kr/wd/242997
"프론트엔드 / 모바일 (Vue, Flutter) 엔지니어",드래프티파이,합격보상금 100만원,https://www.wanted.co.kr/wd/220132
React Typescript / Flutter 개발자,에이로직,합격보상금 100만원,https://www.wanted.co.kr/wd/226170
모바일 앱 Flutter 개발자 (3년 이상),더휴식,합격보상금 100만원,https://www.wanted.co.kr/wd/242512
클라이언트(flutter) 개발자,스쿨버스,합격보상금 100만원,https://www.wanted.co.kr/wd/201909
[신입] Flutter 앱 / Node.js 개발자,인졀미,합격보상금 100만원,https://www.wanted.co.kr/wd/210056
[삼쩜삼] Mobile Engineer(Flutter),자비스앤빌런즈(삼쩜삼),합격보상금 100만원,https://www.wanted.co.kr/wd/241351
프론트엔드 개발자 (React-native / flutter),아파트멘터리,합격보상금 100만원,https://www.wanted.co.kr/wd/165183
프론트엔드 개발자(React-native/Flutter),그위피파트너스,합격보상금 100만원,https://www.wanted.co.kr/wd/234764
Software Engineer (Flutter),아코테컨설팅,합격보상금 100만원,https://www.wanted.co.kr/wd/234426
Flutter 개발,캔랩코리아,합격보상금 100만원,https://www.wanted.co.kr/wd/240719
